company_link,company_name
http://www.niwodai.com/?nwd_ext_aid=3000001942207807&source_id=2018xpt,你我贷
https://www.xiangshang360.com/xweb/index?source=wdzjsy,向上金服
http://www.jinxin99.cn/,金信网
http://www.wsloan.com,温商贷
https://www.yangqianguan.com/,洋钱罐
http://www.itouzi.com,爱投资
https://link.jinyinmao.com.cn/wdzjdh-0704,金银猫
https://www.yingzt.com/invest/list,小赢网金
http://www.eloancn.com,翼龙贷
http://www.qian88.com,钱爸爸
https://www.xybao.com/,信用宝
http://www.xiaoniu88.com,小牛在线
http://www.xinhe99.com/,信和大金融
https://www.renrendai.com?utm_source=pc-wdzj&utm_medium=66951&utm_campaign=1006363985&utm_content=36205990&utm_term=759481_150588987064647,人人贷
http://www.zkp2p.com,众可贷
http://www.zlcf.com/,众联财富
http://jr.trc.com,泰然金融
http://www.zgwyd.com/,温易贷
https://www.yiyilc.com/,亿亿理财
http://www.zbzx.com,资本在线
https://www.weidai.com.cn/?hmsr=A431&psource=A431,微贷网
http://www.zhongjindai.com/,中金贷
http://www.yxp2p.com,壹心贷
http://www.zhenxindai.com,真鑫贷
http://www.woniuzaixian.com/,蜗牛在线
http://www.yingying88.com/,赢盈在线
http://www.yingjinsuo.com,盈金所
http://www.wiwidai.com,为为贷
http://www.xiaofujr.com/,小富金融
http://www.u-hjb.com/,红金宝
https://www.yingzhongtou.com/,赢众投
http://www.xitouwang.com/,喜投网
http://www.ttqp2p.com/,天添钱
http://www.szytou.com/,益投网贷
http://www.rtbtz.com/,荣通宝投资
http://www.rrcfd.com,日融财富
http://www.rongtongzc.com,融通资产
http://www.spintu.com,种子拼图
http://www.rongxin365.com/,融信网
http://www.qsp2p.com,黔商贷
https://www.myzhongjin.com/,众金在线
http://www.putiandai.com,普天贷
http://www.mifengcaifu.com,蜜蜂财富
http://www.oujinsuo.com/,瓯金所
https://www.my089.com/?u=WDZJ,红岭创投
http://www.moneydai.com,钱贷网
http://www.otouzi.com/,屹农金服
http://www.matoue.com/,码头益
https://www.lianzidai.com/,连资贷
http://www.lup2p.com,陆金服
https://www.lhvc.cn/,联豪创投
http://www.huijindaicn.com/,惠金贷
http://www.jgedai.com/index/,建工E贷
http://www.jinguidai.com,金柜贷
http://www.jhruitao.com/,瑞涛财富
http://www.jkd.com,金开贷
http://www.jrp2p.com,聚融在线
http://www.letou100.com/,乐投壹佰
http://www.hhrfs.com,合伙人金融
http://www.letoudai.com,乐投贷
https://www.hindow.com/,憨豆金服
http://www.haidaijinfu.com/,海贷金服
http://www.gzjkp2p.com/,金控网贷
https://www.gqget.com/,冠e通
http://www.fsjr66.com,蜂硕金融
http://www.haoshouyi.com/,天涯好收益
https://www.gkkxd.com,开鑫贷
http://www.fenqian.cn,分钱网
https://www.eastlending.com,东方汇
http://www.edaionline.com/,易贷在线
http://www.dianrong.com,点融网
http://www.dezhong365.com/,德众金融
http://www.duijin8.com/,堆金网
http://www.ddxlong.com,贷贷兴隆
http://www.dfjr580.com/,沪臣地方金融
http://www.baijiejinrong.com/,财小主
https://www.chinap2g.com/,投促金融
http://www.chengtounet.com,诚投在线
http://www.crtz.net,创融在线
http://www.puhuilicai.com/,普惠理财
http://www.anxindeli.com/,安心de利
https://www.gaoxinzb.com,高新普惠
https://www.sy8.com/,商赢金服
https://tieshendai.sihaiinvest.com/,贴身贷
http://www.jinshangjinfu.com,晋商金服
https://www.83chedai.com/,百财车贷
http://www.0080.cn,虎融宝
http://www.shanlincaifu.com/,善林财富
http://www.lzzx8.com/,财小喵
http://www.ihongsen.com,爱鸿森
http://www.xiangrongwang.cn,相融网
http://www.51wanli.com/,万利金融
https://www.prcjf.com.cn,平太金服
http://www.ctzrnet.com/,城铁在融
http://haioujinfu.cc,海鸥金服
http://www.51rzy.com/,融资易
http://www.5262.com,华人金融
http://www.51qianba.com/,钱吧
http://www.51qed.com/,企额贷
http://www.shanlinbao.com/,善林宝
https://www.51licaiqu.com,理财去
http://www.51anxintou.com,安心投
http://www.bianmintou.com,便民投
https://www.iwlicai.com,吉爱财
http://www.scrxol.com/,深创金服
http://www.zp-bank.com/,中平金融
https://www.ezc360.com/,e资产
http://jubaozhu.com,聚宝珠
http://www.microtown.cn/,微镇
https://www.jinzhucaifu.com,金筑财富
https://www.taikongma.com,太空马
https://www.puhuijia.com/,普惠家
https://www.51onion.com/,洋葱先生
https://www.jslrjr.com/,牛币网
http://www.yixiangdai.com,易享贷
http://www.changjidai.com,长吉贷
https://www.yinmimoney.com/,米金社
http://www.econgfin.com,e葱金融
https://www.uximoney.com/,有喜财富
https://www.xiaodaiba.cn/,小贷吧
http://www.yixiangjinrong.com,异享金融
http://www.ncfcf.com,财富N次方
http://www.jpjbp.com/,钜宝盆
http://www.huienziben.com,惠恩资本
http://www.9259.com/,就爱金融网
http://www.woyaotou365.com,沃要投
http://www.edianlicai.com,艺点理财
https://www.dowedo.com.cn/,多维度
http://www.haotianjinrong.com/,皓添金融
https://www.qilerong.com/,奇乐融
http://www.yumaomoney.com,鱼猫金服
http://www.loanedai.com,陇e贷
http://www.guangqun.cn,广群金融
http://www.jyd100.com,简易贷
http://www.taotaojin.com/,淘淘金
http://www.yidianqian.com,一点钱
http://www.jiuxinfinance.com,九信金融
https://www.bxjr.com/?wdzj,宝象金融
http://www.lidehang.com,利得行
https://www.yilonghc.cn,光合种子
https://www.guoer.com/,果儿金融
http://www.24jd.com/,介贷网
http://www.kuaijiecaifu.com,快捷财富
https://www.lendinghome.cn/,金e柴神
http://www.uter.com,优投金服
http://www.gujinsuo.com.cn/cunguan/index.xhtml,固金所
http://www.tzg.cn,铜掌柜
http://cg.51bccf.com/,冰川财富
https://www.mtrp2p.com/,木头人
http://www.16ker.com,石榴壳
http://www.iafclub.com,精融汇
https://www.51daishu.com,袋鼠妈妈
https://www.caifu500.com/,财富500
http://www.sanyibao.com,三益宝
http://www.zijinsuo.com/?wdzj,紫金所
http://www.fangyuano.com,方元金服
http://www.hengyirong.com/,恒易融
http://www.mxyinghang.com,梦想盈行
http://www.souyidai.com,搜易贷
http://www.178wangdai.com/,178网贷
http://www.8fet.com,飞特金融
http://www.woowoodai.com,喔喔贷
http://app.etongdai.com/?friendId=MTA2NDg0MTI=,易通贷
http://www.dididaivip.com/,迪迪贷
http://www.cnyjzh.com/,易金智慧
http://www.youjutou.com,优聚投
https://www.zzcaifu.com/?regFrom=wdzjda,掌中财富
http://www.fengtouwang.com,丰投网
http://www.baiquandai.com,百泉贷
http://www.xinxindai.com,新新贷
https://www.ysjrchina.com,粤盛金融
http://www.gzdai.com/,广州e贷
https://www.dolabank.com,多啦理财
http://www.chuangdai.net/,创贷网
http://www.jinrongweb.com/,网筹金融
http://www.penging.com/,鹏金所
http://www.sudai100.com/,速贷100
http://www.xiaopingdai.com,小平贷
https://www.yonbb.com,用呗金融
http://www.pp100.com,壹佰金融
http://www.hxjx360.com/,鸿学金信
http://www.hengdacaifu.com,恒大财富
http://www.wdjr999.com/,皖都金融
http://www.lihaodai.com/,利好贷
http://www.hdjr360.com/,红顶金融
http://www.aimayi.cn/,爱蚂蚁
https://hxbank.ftoul.com/p2pFinance/services/home,蜂投网
https://www.apengdai.com,阿朋贷
http://www.wdw88.com/,稳贷网
http://www.zjcdw.com/,浙江车贷网
http://www.wychedai.com/,无忧车贷
http://www.lizicaifu.com,粒子财富
https://www.shoujinwang.com/index.jsp,首金网
http://www.rjb777.com/,融金宝
http://www.lujinsuop2p.com/,鲁金所
http://new.xhx-exjr.com,e兴金融
http://www.huichedai.com/,惠车贷
http://www.huitou51.com,惠投无忧
https://www.migang.com/?site=PC-wangdaizhijia-s1/____site/site=PC-wangdaizhijia-s1,米缸金融
http://www.fh201466.com/,赣商贷
http://qycfu.com/,前沿财富
http://www.dingxindai.com,鼎信贷
http://www.rongzj.com/,融之家
http://www.jiechuangdai.com,捷创贷
http://www.goodyou.com/,你好贷
http://www.gaigefund.com,改革牛
http://www.izhicai.com/,知财网
http://www.jinfucaifu.com,金福财富
http://bank.91jinjindai.com,今金贷
http://www.360haoshidai.com,森昊好时贷
http://www.qhgsf.com,前海广深发
http://www.shudai99.com/,鼠贷金融
https://hs.haixingbao.com/,海星宝理财
http://www.dingdingjinfu.com,丁丁金服
http://www.fangyidai.com,房易贷
http://www.qianmancang.com/,钱满仓
http://www.ygyd.com,众隆金服
http://www.v1dai.com/,微易贷
http://www.jiujs.com/,九金所
http://www.rrjc.com,人人聚财
http://www.dcct8.com/,鼎诚创投
http://ishangdai.com/,爱上贷
http://www.xinfudaicn.com,新富创投
http://www.gofobao.com,广富宝
http://www.jincaidongli.com,金财动力
http://www.qichengjinrong.com,脐橙金融
https://www.fujinli.com/,富金利
http://www.chefu88.com,车富88
http://www.xrtz.org,信融投资
http://www.zhongtoudai.com,中融通贷
https://www.qtyd.com/,祺天优贷
http://www.yongedai.com/,甬e贷
https://www.ixijian.com?platform=wdzj,玺鉴
https://www.huifusky.com,惠富天下
http://www.kexindai.com,可信贷
http://www.58caifu.cn/,58财福
http://www.xbddai.com/,迅泊达
http://www.toufuli.com/,投复利
http://www.caiyuan888.com,光华财缘网
https://nyonline.cn/,小诺理财
http://www.sunfobank.com,新富金融
http://www.yuexiang.cn,悦享金服
http://www.caishenzaixian.com/p2p/p2p_index,财神在线（渝）
https://bank.huitoubj.com/,汇投网
http://www.bbuwin.com/,步步盈
https://s.growingio.com/YqyeRg,前海惠农
http://www.helloan.cn,合力贷
https://www.jihe365.cn/,几何金融
http://www.jinpaip2p.com,金牌理财
http://www.jintoushou.com,金投手
http://www.jintouxing.com,金投行
http://www.renrenronge.com,人人融
http://www.woshidai.com,沃时贷
http://www.yinchengpai.com,银承派
https://www.hzjr.com/?source=wdzjpc,惠众金融
http://www.jyblc.cn,金元宝理财
http://www.sftou.com,私房投
http://www.zjslicai.com,众金所
https://www.i-niuwa.com/,牛娃互联网金融
http://www.duoying.com,多赢普惠
http://www.qianhezi.cn/,钱盒子
http://www.fcedai.com/,智佳金服
http://www.chenengdai.com/,车能贷
http://www.duobaodai.com/,多宝贷
https://www.1-dt.com/?regType=wd04,一点通财富
http://www.xiaozhu168.com/,小猪罐子
https://www.newup.net.cn,新升贷
http://www.rongshangd.com/,融商贷
https://www.topzrt.com/,中融投
https://www.zhengtou.com,郑投网
http://www.htyd50.com/,汇通易贷
http://cfp.caifupad.com/person/toFundMan,财富派 (京)
http://www.newzgxyct.com,星月创投
https://www.liju123.com/,利聚网
http://www.aichezhuan.com/,车赚
http://www.shoujins.com/,首E家
https://www.wanghuidai.com/,网汇贷
http://www.fuyph.com,福银票号
http://www.liyedai.cn/,立业贷
http://www.daokoujinrong.com/,道口金融网
http://www.51jiecai.com/,今日捷财
https://www.yqjinrong.com,银强金融
https://www.xindaitong.com,信贷通
http://www.wanfubao.cn,万富宝
http://www.htfs.com/,禾泰财富
https://www.tangguojr.com/,糖果金融
http://www.zonefang.com/,众房宝
http://www.sxrong.com/,三信贷
http://www.honhe.com/,后河财富
http://www.ishzt.com/,四海众投
http://www.yrhx.com/,易融恒信
http://www.qiantwo.com,钱途在线
https://www.frbao.com/,付融宝
https://www.gongchangp2p.com/,工场微金
http://www.ry889.com/,瑞银创投
https://www.weloan.com/,小微金融
http://www.51ruyidai.com/,51如易贷
http://www.chengchengdai.com.cn/,诚成贷
https://www.yiqihao.com/,一起好
https://www.hushangcaifu.com/?hmsr=E7BD91E8B4B7E4B98BE5AEB6&hmpl=&hmcu=&hmkw=&hmci=,沪商财富
https://www.kingcd.cn,中储贷
http://www.zhongchezaixian.com,现代众车在线
http://www.58hongli.com,58红利
http://www.ehjinrong.com/,鄂汇金融
http://www.itoumi.com/,投米网
http://www.youcherong.com/,优车融
http://www.cheyr.cn,车e融
http://www.liangzijinrong.com,量子金融
http://www.jiurong.com/?from=124,玖融网
http://www.mindai.com,民贷天下
http://www.whzxcf.com,中兴财富
http://www.laicunba.com/,来存吧
https://www.damailicai.com/,大麦理财
http://www.chebangp2p.com//,车邦贷(浙)
http://www.xinhedai.com,信和贷
https://www.daokoudai.com,道口贷
http://www.ibdp2p.com/,爱本地金服
https://www.yqiandai.com/,云钱袋
http://www.ghkchina.com/,中潮金服
http://www.taishanjinrong.com,泰山金融
http://www.fuchundai.com,富春贷
http://www.x9jf.com/,小九金服
http://www.giliwang.com/,即利网
https://www.51checai.com/,车财网
http://www.haohaolicai.com,好好理财
http://www.sztnf.com/,国民丰泰
http://jinyuandai.net,金源贷
http://www.dlszkj.com/,升值空间
https://www.xueshandai.com,雪山贷
http://www.eweidai.com/,e微贷
http://www.tuotiansudai.com,拓天速贷
https://www.jujinziben.com/,聚金资本
http://www.wjdai.com/,万家贷
http://www.lai.cn/,来融金服
http://www.bao.cn/,宝点网
http://www.xiaojilicai.com/,小鸡理财
http://www.tjhf.com/,天玑汇富
http://www.lotocf.com/,乐投创富
http://www.168p2p.com/,168理财
https://www.hepandai.com?source=wdzj,合盘理财
http://www.rongtoudai.cn/,融投贷
http://www.baicaif.com/,白菜金融
http://www.rmbbox.com/,邦帮堂
http://www.xgqq.com,小狗钱钱
https://www.qianlindai.com/,千林贷
http://www.babymoney.cn,小宝金融
http://www.xiaoshushidai.cn/,小树时代理财
http://www.100lending.com/?channel=58ca4fa0991e0e3db2f75d9c&word=pingtaibeijing,民投金服
http://www.i2p.com,知商金融
http://www.33lend.com,杉易贷
http://www.p2l.com/,融租E投
http://www.yesvion.com,粤商贷
https://www.hmyd.com/,国泰·惠民益贷
https://www.51jili.com/,集利财富
https://www.51bangni.com/,51帮你
http://www.mdjr.com,秒贷金融
http://www.wanqianshangdai.com,皖乾商贷
https://www.yinpiao.com/?source=wdzjpt,银票网
http://www.zhubaodai.com/,珠宝贷
https://www.zhongzairong.cn/,中再融
http://www.fhjr.com,丰汇金融
http://www.qiandw.com,乾贷网
https://www.ycd360.com/?rcl=FUZEJcZlAKV89Rysah/GoA==&time=1504573807143&type=register,易港金融
http://www.darenloan.com/,达人贷
http://www.hizyd.com/,众易贷
https://www.caifuzhihui.cn,财富智汇
http://www.5aitou.com,爱投金融
http://www.xwsd.com,小微时贷
http://www.houzilicai.com,猴子理财
http://www.huaguo.cn,花果金融
https://www.shaxiaoseng.com/,沙小僧
http://www.kuaikuaidai.com/,快快贷
https://www.lcfarm.com/?channel=wdzj,理财农场
http://www.88bank.com,e路同心
https://www.goodsure.cn/registerwdzj/main.html,果树财富
http://www.ddzrh.com/,智融会
http://www.lvhuadai.com,绿化贷
http://www.uf-club.com?&utm_source=WDZJ&utm_campaign=sy1&source=WDZJ,联金所
http://www.yigoudai.com,医购贷
http://www.zrbao.com/,中融宝
http://www.jinbank.com.cn,京金所
https://www.zdh111.com/,众贷汇
http://www.wangtouwang.com/,网投网
http://www.001bank.com,亿宝贷
http://www.hhlcw.cn/,互惠理财
http://www.xycjinfu.com/,小油菜
https://www.cheyidai88.com,车易贷
http://www.longkin.net,隆金宝
http://www.wyjr168.com/,万盈金融
http://www.qianjr.com/,前金融
https://www.lingyongdai.com/,零用贷
http://www.zhechangdai.com/,浙昌贷
http://www.he-pai.cn,合拍在线
http://www.chenghuitong.net,诚汇通
http://www.huilc.cn/,汇理财
http://wangdai.shengcaijinrong.com,生菜金融
http://www.guangxindai.com,广信贷
https://www.lljr.com,链链金融
http://www.weicherong.com/,微车融
http://www.ek360.com/,恩科e贷
http://www.qianxiangbank.com,钱香
http://www.tuandai.com,团贷网
http://www.9douyu.com/,九斗鱼
http://www.58chedai.com,58车贷
http://www.hcjinfu.com,汇诚金服
http://www.nianqa.com,念钱安
http://www.dhibank.net,德鸿金融
http://www.jinyingsuo.com,金盈所
http://www.wangcaigu.com/,旺财谷
http://www.yinhu.com/main.bl,银湖网
http://www.lichengdai.com/,信广立诚贷
http://www.lexiangbao.com/,乐享宝
http://www.mizlicai.com/,米庄理财
https://www.silverfox-cn.com/,银狐财富
http://www.anxin.com,安心贷
http://www.yufex.com,渝金所
https://www.edspay.com/,E都市钱包
http://www.irongbei.com/,融贝网
http://www.jql.cn/,金桥梁
https://www.newunion.cn/,新联在线
https://www.kdw.com/,口贷网
http://www.hurbao.com/index/wdzj/hurbao,互融宝
https://www.haoinvest.com/,安捷财富
http://www.yinzipu.com/,银子铺
http://www.shitou.com/,石投金融
https://www.phyt88.com?c=wdzj,普汇云通
https://www.miniwangdai.com/,迷你贷
http://www.caifuxq.com,财富星球
http://www.huaxiaoxia.com/,花虾金融
http://www.baocai.com/,抱财网
http://www.yuanbao365.com,元宝365
http://www.twotiger.com/,两只老虎
https://www.bjdp2p.com/,博金贷
https://www.tongtongli.com,通通理财
http://www.touna.cn/,投哪网
http://www.yonglibao.com/,永利宝
https://www.hexindai.com/?adId=1972803,和信贷
https://www.tutengdai.com/?zj_qcjr20171114,图腾贷
https://www.yindou.com,银豆网
http://www.xinrong.com,信融财富
http://www.lianlianmoney.com/?channel=zj,联连理财
http://www.leadercf.com/,礼德财富
http://www.yirendai.com,宜人贷
http://www.xiaozhu158.com,小猪理财
https://www.lejucaifu.com/,乐居财富
http://www.dtcash.com,大同行
http://www.duanrong.com/,短融网
https://d.com.cn/,钱多多
https://www.1ju.com/1-6-t-1088.html,宜聚网
http://www.dingdongqb.com/,叮咚钱包
http://www.qianneizhu.com/,钱内助
https://www.qingyidai.com/?from=pc-wdzj,轻易贷
http://www.ifcar99.com/,聚车金融
http://www.hejiajinrong.com/,合家金融
http://www.zhaoshangdai.com,招商贷
https://www.51duoduo.com/?act&s=wdzj,多多理财
https://www.iqianbang.com/?userfrom=pinzhuan06,爱钱帮
http://www.365edai.cn,365易贷
http://www.dib66.com,地标金融
https://www.jia16.com/,嘉石榴
https://www.zyxr.com,中业兴融
http://www.91wangcai.com/,91旺财
http://www.junrongdai.com/,君融贷
http://www.jrq.com,金融圈
http://www.hzed.com,合众e贷
https://www.baijindai.com/?way=wdzjsyclnx,百金贷
http://www.licaifan.com/,理财范
https://www.p2phx.com/?source=wdzj001,恒信易贷
http://www.limin.com/,利民网
http://www.id68.cn/,理想宝
https://www.nonobank.com/?am_id=988&approach=daohang,麦子金服财富
https://www.ppmoney.com/,PPmoney网贷
https://www.jimu.com/?f=jimu112,积木盒子
https://www.yrw.com/?trackid=WDZJDA_dangan,有融网
https://www.tourongjia.com/?hmsr=scwdzj1115,投融家
https://www.51rz.com/?channel=wdzj3&brandinfo=0,人众金服
https://www.51tuodao.com/?source=wdzj2010&tag=tc,拓道金服
http://www.qbm360.com,钱保姆
https://www.rjs.com/index.html?rjspromote=wdzjad,融金所
https://www.myerong.com,e融所
https://www.yingujr.com/,银谷在线
https://www.qianpen.com/front/?urlid=127,钱盆网
http://www.hyjf.com/,汇盈金服
https://www.wanglibao.com/,网利宝
http://dai.kesucorp.com/,可溯金融
http://www.heshidai.com,合时代
https://www.jinlianchu.com.cn/,金联储
https://p2p.jbh.com/,聚宝普惠
http://www.iqianjin.com/,爱钱进
http://www.yooli.com,有利网
http://www.yidai.com/,宜贷网
company_link,company_name
http://www.lup2p.com,陆金服
http://www.wsloan.com,温商贷
http://www.jinxin99.cn/,金信网
http://dai.kesucorp.com/,可溯金融
http://www.xinhe99.com/,信和大金融
http://www.itouzi.com,爱投资
http://www.qian88.com,钱爸爸
https://www.yangqianguan.com/,洋钱罐
https://www.xybao.com/,信用宝
https://www.xiangshang360.com/xweb/index?source=wdzjsy,向上金服
https://www.yingzt.com/invest/list,小赢网金
https://link.jinyinmao.com.cn/wdzjdh-0704,金银猫
http://www.xiaoniu88.com,小牛在线
https://www.weidai.com.cn/?hmsr=A431&psource=A431,微贷网
https://www.renrendai.com?utm_source=pc-wdzj&utm_medium=66951&utm_campaign=1006363985&utm_content=36205990&utm_term=759481_150588987064647,人人贷
http://www.eloancn.com,翼龙贷
http://www.zlcf.com/,众联财富
http://www.kexindai.com,可信贷
http://www.zhongjindai.com/,中金贷
http://www.zkp2p.com,众可贷
http://www.zhenxindai.com,真鑫贷
https://www.yiyilc.com/,亿亿理财
http://www.zgwyd.com/,温易贷
https://www.yingzhongtou.com/,赢众投
http://www.zbzx.com,资本在线
http://www.yxp2p.com,壹心贷
http://www.yingjinsuo.com,盈金所
http://www.yingying88.com/,赢盈在线
http://www.xitouwang.com/,喜投网
http://www.xiaofujr.com/,小富金融
http://www.woniuzaixian.com/,蜗牛在线
http://www.wiwidai.com,为为贷
http://www.u-hjb.com/,红金宝
http://www.ttqp2p.com/,天添钱
http://www.spintu.com,种子拼图
http://www.szytou.com/,益投网贷
http://www.rongxin365.com/,融信网
http://www.rtbtz.com/,荣通宝投资
http://www.rrcfd.com,日融财富
http://www.rongtongzc.com,融通资产
http://www.qsp2p.com,黔商贷
http://www.oujinsuo.com/,瓯金所
http://www.putiandai.com,普天贷
https://www.myzhongjin.com/,众金在线
http://www.otouzi.com/,屹农金服
http://www.moneydai.com,钱贷网
http://www.mifengcaifu.com,蜜蜂财富
http://www.matoue.com/,码头益
http://www.letoudai.com,乐投贷
https://www.lianzidai.com/,连资贷
http://www.jkd.com,金开贷
https://www.lhvc.cn/,联豪创投
http://www.jrp2p.com,聚融在线
http://www.letou100.com/,乐投壹佰
http://www.jinguidai.com,金柜贷
http://www.jgedai.com/index/,建工E贷
https://www.hindow.com/,憨豆金服
http://www.huijindaicn.com/,惠金贷
http://www.jhruitao.com/,瑞涛财富
http://www.haoshouyi.com/,天涯好收益
https://www.gqget.com/,冠e通
http://www.hhrfs.com,合伙人金融
http://www.gzjkp2p.com/,金控网贷
https://www.gkkxd.com,开鑫贷
http://www.fsjr66.com,蜂硕金融
http://www.fenqian.cn,分钱网
http://www.edaionline.com/,易贷在线
http://www.haidaijinfu.com/,海贷金服
https://www.eastlending.com,东方汇
http://www.dfjr580.com/,沪臣地方金融
http://www.duijin8.com/,堆金网
http://www.dezhong365.com/,德众金融
http://www.crtz.net,创融在线
http://www.ddxlong.com,贷贷兴隆
https://www.chinap2g.com/,投促金融
http://www.baijiejinrong.com/,财小主
http://www.anxindeli.com/,安心de利
http://www.puhuilicai.com/,普惠理财
http://www.chengtounet.com,诚投在线
https://www.gaoxinzb.com,高新普惠
https://www.83chedai.com/,百财车贷
http://www.jinshangjinfu.com,晋商金服
https://www.sy8.com/,商赢金服
http://www.0080.cn,虎融宝
https://tieshendai.sihaiinvest.com/,贴身贷
http://www.shanlincaifu.com/,善林财富
http://www.xiangrongwang.cn,相融网
https://www.prcjf.com.cn,平太金服
http://www.ihongsen.com,爱鸿森
http://www.ctzrnet.com/,城铁在融
http://haioujinfu.cc,海鸥金服
http://www.lzzx8.com/,财小喵
http://www.51qianba.com/,钱吧
http://www.51qed.com/,企额贷
http://www.5262.com,华人金融
https://www.51licaiqu.com,理财去
http://www.51anxintou.com,安心投
http://www.51wanli.com/,万利金融
http://www.shanlinbao.com/,善林宝
http://www.51rzy.com/,融资易
http://www.scrxol.com/,深创金服
http://www.bianmintou.com,便民投
https://www.ezc360.com/,e资产
http://www.zp-bank.com/,中平金融
https://www.jslrjr.com/,牛币网
http://jubaozhu.com,聚宝珠
https://www.taikongma.com,太空马
https://www.iwlicai.com,吉爱财
company_link,company_name
http://www.lup2p.com,陆金服
https://www.yrw.com/?trackid=WDZJDA_dangan,有融网
https://www.ppmoney.com/,PPmoney网贷
http://www.hzed.com,合众e贷
https://www.nonobank.com/?am_id=988&approach=daohang,麦子金服财富
http://www.limin.com/,利民网
http://www.id68.cn/,理想宝
https://www.jimu.com/?f=jimu112,积木盒子
https://www.p2phx.com/?source=wdzj001,恒信易贷
https://www.tourongjia.com/?hmsr=scwdzj1115,投融家
https://www.baijindai.com/?way=wdzjsyclnx,百金贷
http://www.qbm360.com,钱保姆
https://www.51rz.com/?channel=wdzj3&brandinfo=0,人众金服
http://www.hyjf.com/,汇盈金服
https://www.51tuodao.com/?source=wdzj2010&tag=tc,拓道金服
http://www.zlcf.com/,众联财富
http://www.taishanjinrong.com,泰山金融
https://www.wanglibao.com/,网利宝
http://www.zbzx.com,资本在线
http://www.zkp2p.com,众可贷
http://www.zhenxindai.com,真鑫贷
http://www.zgwyd.com/,温易贷
http://www.zhongjindai.com/,中金贷
http://www.yxp2p.com,壹心贷
http://www.yingying88.com/,赢盈在线
https://www.yiyilc.com/,亿亿理财
https://www.yingzhongtou.com/,赢众投
http://www.yingjinsuo.com,盈金所
http://www.xitouwang.com/,喜投网
http://www.wiwidai.com,为为贷
http://www.woniuzaixian.com/,蜗牛在线
http://www.xiaofujr.com/,小富金融
http://www.szytou.com/,益投网贷
http://www.rtbtz.com/,荣通宝投资
http://www.rrcfd.com,日融财富
http://www.u-hjb.com/,红金宝
http://www.ttqp2p.com/,天添钱
http://www.spintu.com,种子拼图
http://www.rongtongzc.com,融通资产
http://www.rongxin365.com/,融信网
http://www.oujinsuo.com/,瓯金所
http://www.qsp2p.com,黔商贷
http://www.otouzi.com/,屹农金服
http://www.putiandai.com,普天贷
https://www.myzhongjin.com/,众金在线
http://www.moneydai.com,钱贷网
http://www.mifengcaifu.com,蜜蜂财富
https://www.lhvc.cn/,联豪创投
https://www.lianzidai.com/,连资贷
http://www.jkd.com,金开贷
http://www.letou100.com/,乐投壹佰
http://www.matoue.com/,码头益
http://www.letoudai.com,乐投贷
http://www.jhruitao.com/,瑞涛财富
http://www.huijindaicn.com/,惠金贷
http://www.jgedai.com/index/,建工E贷
http://www.jrp2p.com,聚融在线
https://www.hindow.com/,憨豆金服
http://www.jinguidai.com,金柜贷
company_link,company_name
http://www.lup2p.com,陆金服
http://www.itouzi.com,爱投资
https://www.xybao.com/,信用宝
http://www.wsloan.com,温商贷
http://www.jinxin99.cn/,金信网
https://www.yangqianguan.com/,洋钱罐
http://www.xiaoniu88.com,小牛在线
https://www.renrendai.com?utm_source=pc-wdzj&utm_medium=66951&utm_campaign=1006363985&utm_content=36205990&utm_term=759481_150588987064647,人人贷
company_link,company_name
http://www.lup2p.com,陆金服
http://www.qbm360.com,钱保姆
http://www.limin.com/,利民网
https://www.jimu.com/?f=jimu112,积木盒子
https://www.tourongjia.com/?hmsr=scwdzj1115,投融家
https://www.nonobank.com/?am_id=988&approach=daohang,麦子金服财富
https://www.51tuodao.com/?source=wdzj2010&tag=tc,拓道金服
https://www.ppmoney.com/,PPmoney网贷
https://www.51rz.com/?channel=wdzj3&brandinfo=0,人众金服
http://www.hyjf.com/,汇盈金服
http://www.hzed.com,合众e贷
https://www.yrw.com/?trackid=WDZJDA_dangan,有融网
https://www.wanglibao.com/,网利宝
https://www.rjs.com/index.html?rjspromote=wdzjad,融金所
https://www.myerong.com,e融所
http://www.zkp2p.com,众可贷
https://www.51licaiqu.com,理财去
http://www.heshidai.com,合时代
http://www.zbzx.com,资本在线
http://www.zlcf.com/,众联财富
http://www.zhenxindai.com,真鑫贷
http://www.zhongjindai.com/,中金贷
http://www.zgwyd.com/,温易贷
http://www.yxp2p.com,壹心贷
https://www.yiyilc.com/,亿亿理财
http://www.yingying88.com/,赢盈在线
https://www.yingzhongtou.com/,赢众投
http://www.yingjinsuo.com,盈金所
http://www.ttqp2p.com/,天添钱
http://www.xitouwang.com/,喜投网
http://www.woniuzaixian.com/,蜗牛在线
http://www.wiwidai.com,为为贷
http://www.u-hjb.com/,红金宝
http://www.szytou.com/,益投网贷
http://www.rtbtz.com/,荣通宝投资
http://www.xiaofujr.com/,小富金融
http://www.rrcfd.com,日融财富
http://www.spintu.com,种子拼图
http://www.rongxin365.com/,融信网
http://www.rongtongzc.com,融通资产
http://www.putiandai.com,普天贷
http://www.otouzi.com/,屹农金服
https://www.myzhongjin.com/,众金在线
http://www.oujinsuo.com/,瓯金所
http://www.moneydai.com,钱贷网
https://www.lianzidai.com/,连资贷
http://www.letoudai.com,乐投贷
http://www.jkd.com,金开贷
https://www.lhvc.cn/,联豪创投
http://www.letou100.com/,乐投壹佰
http://www.matoue.com/,码头益
http://www.qsp2p.com,黔商贷
http://www.jinguidai.com,金柜贷
http://www.mifengcaifu.com,蜜蜂财富
http://www.jgedai.com/index/,建工E贷
http://www.huijindaicn.com/,惠金贷
http://www.jhruitao.com/,瑞涛财富
http://www.jrp2p.com,聚融在线
company_link,company_name
https://www.wanglibao.com/,网利宝
http://www.u-hjb.com/,红金宝
